original,link
Rawdata/pool1_ACGTTACC_ACGTTACC/pool1_ACGTTACC_ACGTTACC_CKDL190141872-1A-ACGTTACC-ACGTTACC_H3VMVBBXX_L7_1.fq.gz,plate1/plate1_R1_001.fastq.gz
Rawdata/pool1_ATAAGGCG_ATAAGGCG/pool1_ATAAGGCG_ATAAGGCG_CKDL190141872-1A-ATAAGGCG-ATAAGGCG_H3VMVBBXX_L7_1.fq.gz,plate1/plate1_R1_002.fastq.gz
Rawdata/pool1_CAGCGATT_CAGCGATT/pool1_CAGCGATT_CAGCGATT_CKDL190141872-1A-CAGCGATT-CAGCGATT_H3VMVBBXX_L7_1.fq.gz,plate1/plate1_R1_003.fastq.gz
Rawdata/pool1_ACGTTACC_ACGTTACC/pool1_ACGTTACC_ACGTTACC_CKDL190141872-1A-ACGTTACC-ACGTTACC_H3VMVBBXX_L7_2.fq.gz,plate1/plate1_R2_001.fastq.gz
Rawdata/pool1_ATAAGGCG_ATAAGGCG/pool1_ATAAGGCG_ATAAGGCG_CKDL190141872-1A-ATAAGGCG-ATAAGGCG_H3VMVBBXX_L7_2.fq.gz,plate1/plate1_R2_002.fastq.gz
Rawdata/pool1_CAGCGATT_CAGCGATT/pool1_CAGCGATT_CAGCGATT_CKDL190141872-1A-CAGCGATT-CAGCGATT_H3VMVBBXX_L7_2.fq.gz,plate1/plate1_R2_003.fastq.gz
Rawdata/pool2_CTGTGTTG_CTGTGTTG/pool2_CTGTGTTG_CTGTGTTG_CKDL190141872-1A-CTGTGTTG-CTGTGTTG_H3VMVBBXX_L7_1.fq.gz,plate2/plate2_R1_001.fastq.gz
Rawdata/pool2_CTTACCTG_CTTACCTG/pool2_CTTACCTG_CTTACCTG_CKDL190141872-1A-CTTACCTG-CTTACCTG_H3VMVBBXX_L7_1.fq.gz,plate2/plate2_R1_002.fastq.gz
Rawdata/pool2_TAGTGACC_TAGTGACC/pool2_TAGTGACC_TAGTGACC_CKDL190141872-1A-TAGTGACC-TAGTGACC_H3VMVBBXX_L7_1.fq.gz,plate2/plate2_R1_003.fastq.gz
Rawdata/pool2_CTGTGTTG_CTGTGTTG/pool2_CTGTGTTG_CTGTGTTG_CKDL190141872-1A-CTGTGTTG-CTGTGTTG_H3VMVBBXX_L7_2.fq.gz,plate2/plate2_R2_001.fastq.gz
Rawdata/pool2_CTTACCTG_CTTACCTG/pool2_CTTACCTG_CTTACCTG_CKDL190141872-1A-CTTACCTG-CTTACCTG_H3VMVBBXX_L7_2.fq.gz,plate2/plate2_R2_002.fastq.gz
Rawdata/pool2_TAGTGACC_TAGTGACC/pool2_TAGTGACC_TAGTGACC_CKDL190141872-1A-TAGTGACC-TAGTGACC_H3VMVBBXX_L7_2.fq.gz,plate2/plate2_R2_003.fastq.gz
Rawdata/pool3_CGAGACTA_CGAGACTA/pool3_CGAGACTA_CGAGACTA_CKDL190141872-1A-CGAGACTA-CGAGACTA_H3VMVBBXX_L7_1.fq.gz,plate3/plate3_R1_001.fastq.gz
Rawdata/pool3_CGTTGCAA_CGTTGCAA/pool3_CGTTGCAA_CGTTGCAA_CKDL190141872-1A-CGTTGCAA-CGTTGCAA_H3VMVBBXX_L7_1.fq.gz,plate3/plate3_R1_002.fastq.gz
Rawdata/pool3_TGAGGTGT_TGAGGTGT/pool3_TGAGGTGT_TGAGGTGT_CKDL190141872-1A-TGAGGTGT-TGAGGTGT_H3VMVBBXX_L7_1.fq.gz,plate3/plate3_R1_003.fastq.gz
Rawdata/pool3_CGAGACTA_CGAGACTA/pool3_CGAGACTA_CGAGACTA_CKDL190141872-1A-CGAGACTA-CGAGACTA_H3VMVBBXX_L7_2.fq.gz,plate3/plate3_R2_001.fastq.gz
Rawdata/pool3_CGTTGCAA_CGTTGCAA/pool3_CGTTGCAA_CGTTGCAA_CKDL190141872-1A-CGTTGCAA-CGTTGCAA_H3VMVBBXX_L7_2.fq.gz,plate3/plate3_R2_002.fastq.gz
Rawdata/pool3_TGAGGTGT_TGAGGTGT/pool3_TGAGGTGT_TGAGGTGT_CKDL190141872-1A-TGAGGTGT-TGAGGTGT_H3VMVBBXX_L7_2.fq.gz,plate3/plate3_R2_003.fastq.gz
Rawdata/pool4_GACATGGT_GACATGGT/pool4_GACATGGT_GACATGGT_CKDL190141872-1A-GACATGGT-GACATGGT_H3VMVBBXX_L7_1.fq.gz,plate4/plate4_R1_001.fastq.gz
Rawdata/pool4_GATCCATG_GATCCATG/pool4_GATCCATG_GATCCATG_CKDL190141872-1A-GATCCATG-GATCCATG_H3VMVBBXX_L7_1.fq.gz,plate4/plate4_R1_002.fastq.gz
Rawdata/pool4_GATTCAGC_GATTCAGC/pool4_GATTCAGC_GATTCAGC_CKDL190141872-1A-GATTCAGC-GATTCAGC_H3VMVBBXX_L7_1.fq.gz,plate4/plate4_R1_003.fastq.gz
Rawdata/pool4_GACATGGT_GACATGGT/pool4_GACATGGT_GACATGGT_CKDL190141872-1A-GACATGGT-GACATGGT_H3VMVBBXX_L7_2.fq.gz,plate4/plate4_R2_001.fastq.gz
Rawdata/pool4_GATCCATG_GATCCATG/pool4_GATCCATG_GATCCATG_CKDL190141872-1A-GATCCATG-GATCCATG_H3VMVBBXX_L7_2.fq.gz,plate4/plate4_R2_002.fastq.gz
Rawdata/pool4_GATTCAGC_GATTCAGC/pool4_GATTCAGC_GATTCAGC_CKDL190141872-1A-GATTCAGC-GATTCAGC_H3VMVBBXX_L7_2.fq.gz,plate4/plate4_R2_003.fastq.gz
Rawdata/pool5_GCATGTCT_GCATGTCT/pool5_GCATGTCT_GCATGTCT_CKDL190141872-1A-GCATGTCT-GCATGTCT_H3VMVBBXX_L7_1.fq.gz,plate5/plate5_R1_001.fastq.gz
Rawdata/pool5_GCCTATCA_GCCTATCA/pool5_GCCTATCA_GCCTATCA_CKDL190141872-1A-GCCTATCA-GCCTATCA_H3VMVBBXX_L7_1.fq.gz,plate5/plate5_R1_002.fastq.gz
Rawdata/pool5_TCACGTTC_TCACGTTC/pool5_TCACGTTC_TCACGTTC_CKDL190141872-1A-TCACGTTC-TCACGTTC_H3VMVBBXX_L7_1.fq.gz,plate5/plate5_R1_003.fastq.gz
Rawdata/pool5_GCATGTCT_GCATGTCT/pool5_GCATGTCT_GCATGTCT_CKDL190141872-1A-GCATGTCT-GCATGTCT_H3VMVBBXX_L7_2.fq.gz,plate5/plate5_R2_001.fastq.gz
Rawdata/pool5_GCCTATCA_GCCTATCA/pool5_GCCTATCA_GCCTATCA_CKDL190141872-1A-GCCTATCA-GCCTATCA_H3VMVBBXX_L7_2.fq.gz,plate5/plate5_R2_002.fastq.gz
Rawdata/pool5_TCACGTTC_TCACGTTC/pool5_TCACGTTC_TCACGTTC_CKDL190141872-1A-TCACGTTC-TCACGTTC_H3VMVBBXX_L7_2.fq.gz,plate5/plate5_R2_003.fastq.gz
Rawdata/pool6_AACAACCG_AACAACCG/pool6_AACAACCG_AACAACCG_CKDL190141872-1A-AACAACCG-AACAACCG_H3VMVBBXX_L7_1.fq.gz,plate6/plate6_R1_001.fastq.gz
Rawdata/pool6_ACTCCATC_ACTCCATC/pool6_ACTCCATC_ACTCCATC_CKDL190141872-1A-ACTCCATC-ACTCCATC_H3VMVBBXX_L7_1.fq.gz,plate6/plate6_R1_002.fastq.gz
Rawdata/pool6_TGTGCGTT_TGTGCGTT/pool6_TGTGCGTT_TGTGCGTT_CKDL190141872-1A-TGTGCGTT-TGTGCGTT_H3VMVBBXX_L7_1.fq.gz,plate6/plate6_R1_003.fastq.gz
Rawdata/pool6_AACAACCG_AACAACCG/pool6_AACAACCG_AACAACCG_CKDL190141872-1A-AACAACCG-AACAACCG_H3VMVBBXX_L7_2.fq.gz,plate6/plate6_R2_001.fastq.gz
Rawdata/pool6_ACTCCATC_ACTCCATC/pool6_ACTCCATC_ACTCCATC_CKDL190141872-1A-ACTCCATC-ACTCCATC_H3VMVBBXX_L7_2.fq.gz,plate6/plate6_R2_002.fastq.gz
Rawdata/pool6_TGTGCGTT_TGTGCGTT/pool6_TGTGCGTT_TGTGCGTT_CKDL190141872-1A-TGTGCGTT-TGTGCGTT_H3VMVBBXX_L7_2.fq.gz,plate6/plate6_R2_003.fastq.gz
Rawdata/pool7_ACTCGTTG_ACTCGTTG/pool7_ACTCGTTG_ACTCGTTG_CKDL190141872-1A-ACTCGTTG-ACTCGTTG_H3VMVBBXX_L7_1.fq.gz,plate7/plate7_R1_001.fastq.gz
Rawdata/pool7_TAGTTGCG_TAGTTGCG/pool7_TAGTTGCG_TAGTTGCG_CKDL190141872-1A-TAGTTGCG-TAGTTGCG_H3VMVBBXX_L7_1.fq.gz,plate7/plate7_R1_002.fastq.gz
Rawdata/pool7_TGTGACTG_TGTGACTG/pool7_TGTGACTG_TGTGACTG_CKDL190141872-1A-TGTGACTG-TGTGACTG_H3VMVBBXX_L7_1.fq.gz,plate7/plate7_R1_003.fastq.gz
Rawdata/pool7_ACTCGTTG_ACTCGTTG/pool7_ACTCGTTG_ACTCGTTG_CKDL190141872-1A-ACTCGTTG-ACTCGTTG_H3VMVBBXX_L7_2.fq.gz,plate7/plate7_R2_001.fastq.gz
Rawdata/pool7_TAGTTGCG_TAGTTGCG/pool7_TAGTTGCG_TAGTTGCG_CKDL190141872-1A-TAGTTGCG-TAGTTGCG_H3VMVBBXX_L7_2.fq.gz,plate7/plate7_R2_002.fastq.gz
Rawdata/pool7_TGTGACTG_TGTGACTG/pool7_TGTGACTG_TGTGACTG_CKDL190141872-1A-TGTGACTG-TGTGACTG_H3VMVBBXX_L7_2.fq.gz,plate7/plate7_R2_003.fastq.gz
Rawdata/pool8_AAGAGCCA_AAGAGCCA/pool8_AAGAGCCA_AAGAGCCA_CKDL190141872-1A-AAGAGCCA-AAGAGCCA_H3VMVBBXX_L7_1.fq.gz,plate8/plate8_R1_001.fastq.gz
Rawdata/pool8_CCTATGGT_CCTATGGT/pool8_CCTATGGT_CCTATGGT_CKDL190141872-1A-CCTATGGT-CCTATGGT_H3VMVBBXX_L7_1.fq.gz,plate8/plate8_R1_002.fastq.gz
Rawdata/pool8_CGAAGAAC_CGAAGAAC/pool8_CGAAGAAC_CGAAGAAC_CKDL190141872-1A-CGAAGAAC-CGAAGAAC_H3VMVBBXX_L7_1.fq.gz,plate8/plate8_R1_003.fastq.gz
Rawdata/pool8_AAGAGCCA_AAGAGCCA/pool8_AAGAGCCA_AAGAGCCA_CKDL190141872-1A-AAGAGCCA-AAGAGCCA_H3VMVBBXX_L7_2.fq.gz,plate8/plate8_R2_001.fastq.gz
Rawdata/pool8_CCTATGGT_CCTATGGT/pool8_CCTATGGT_CCTATGGT_CKDL190141872-1A-CCTATGGT-CCTATGGT_H3VMVBBXX_L7_2.fq.gz,plate8/plate8_R2_002.fastq.gz
Rawdata/pool8_CGAAGAAC_CGAAGAAC/pool8_CGAAGAAC_CGAAGAAC_CKDL190141872-1A-CGAAGAAC-CGAAGAAC_H3VMVBBXX_L7_2.fq.gz,plate8/plate8_R2_003.fastq.gz